<?xml version="1.0" encoding="UTF-8" ?>
<!DOCTYPE mapper PUBLIC "-//mybatis.org//DTD Mapper 3.0//EN" "http://mybatis.org/dtd/mybatis-3-mapper.dtd" >
<mapper namespace="com.bjpowernode.crm.workbench.mapper.ClueRemarkMapper" >
  <resultMap id="BaseResultMap" type="com.bjpowernode.crm.workbench.domain.ClueRemark" >
    <!--
      WARNING - @mbggenerated
      This element is automatically generated by MyBatis Generator, do not modify.
      This element was generated on Wed Jun 03 17:19:22 CST 2020.
    -->
    <id column="id" property="id" jdbcType="CHAR" />
    <result column="note_content" property="noteContent" jdbcType="VARCHAR" />
    <result column="create_by" property="createBy" jdbcType="VARCHAR" />
    <result column="create_time" property="createTime" jdbcType="CHAR" />
    <result column="edit_by" property="editBy" jdbcType="VARCHAR" />
    <result column="edit_time" property="editTime" jdbcType="CHAR" />
    <result column="edit_flag" property="editFlag" jdbcType="CHAR" />
    <result column="clue_id" property="clueId" jdbcType="CHAR" />
  </resultMap>
  <sql id="Base_Column_List" >
    <!--
      WARNING - @mbggenerated
      This element is automatically generated by MyBatis Generator, do not modify.
      This element was generated on Wed Jun 03 17:19:22 CST 2020.
    -->
    id, note_content, create_by, create_time, edit_by, edit_time, edit_flag, clue_id
  </sql>
  <select id="selectByPrimaryKey" resultMap="BaseResultMap" parameterType="java.lang.String" >
    <!--
      WARNING - @mbggenerated
      This element is automatically generated by MyBatis Generator, do not modify.
      This element was generated on Wed Jun 03 17:19:22 CST 2020.
    -->
    select 
    <include refid="Base_Column_List" />
    from tbl_clue_remark
    where id = #{id,jdbcType=CHAR}
  </select>
  <delete id="deleteByPrimaryKey" parameterType="java.lang.String" >
    <!--
      WARNING - @mbggenerated
      This element is automatically generated by MyBatis Generator, do not modify.
      This element was generated on Wed Jun 03 17:19:22 CST 2020.
    -->
    delete from tbl_clue_remark
    where id = #{id,jdbcType=CHAR}
  </delete>
  <insert id="insert" parameterType="com.bjpowernode.crm.workbench.domain.ClueRemark" >
    <!--
      WARNING - @mbggenerated
      This element is automatically generated by MyBatis Generator, do not modify.
      This element was generated on Wed Jun 03 17:19:22 CST 2020.
    -->
    insert into tbl_clue_remark (id, note_content, create_by, 
      create_time, edit_by, edit_time, 
      edit_flag, clue_id)
    values (#{id,jdbcType=CHAR}, #{noteContent,jdbcType=VARCHAR}, #{createBy,jdbcType=VARCHAR}, 
      #{createTime,jdbcType=CHAR}, #{editBy,jdbcType=VARCHAR}, #{editTime,jdbcType=CHAR}, 
      #{editFlag,jdbcType=CHAR}, #{clueId,jdbcType=CHAR})
  </insert>
  <insert id="insertSelective" parameterType="com.bjpowernode.crm.workbench.domain.ClueRemark" >
    <!--
      WARNING - @mbggenerated
      This element is automatically generated by MyBatis Generator, do not modify.
      This element was generated on Wed Jun 03 17:19:22 CST 2020.
    -->
    insert into tbl_clue_remark
    <trim prefix="(" suffix=")" suffixOverrides="," >
      <if test="id != null" >
        id,
      </if>
      <if test="noteContent != null" >
        note_content,
      </if>
      <if test="createBy != null" >
        create_by,
      </if>
      <if test="createTime != null" >
        create_time,
      </if>
      <if test="editBy != null" >
        edit_by,
      </if>
      <if test="editTime != null" >
        edit_time,
      </if>
      <if test="editFlag != null" >
        edit_flag,
      </if>
      <if test="clueId != null" >
        clue_id,
      </if>
    </trim>
    <trim prefix="values (" suffix=")" suffixOverrides="," >
      <if test="id != null" >
        #{id,jdbcType=CHAR},
      </if>
      <if test="noteContent != null" >
        #{noteContent,jdbcType=VARCHAR},
      </if>
      <if test="createBy != null" >
        #{createBy,jdbcType=VARCHAR},
      </if>
      <if test="createTime != null" >
        #{createTime,jdbcType=CHAR},
      </if>
      <if test="editBy != null" >
        #{editBy,jdbcType=VARCHAR},
      </if>
      <if test="editTime != null" >
        #{editTime,jdbcType=CHAR},
      </if>
      <if test="editFlag != null" >
        #{editFlag,jdbcType=CHAR},
      </if>
      <if test="clueId != null" >
        #{clueId,jdbcType=CHAR},
      </if>
    </trim>
  </insert>
  <update id="updateByPrimaryKeySelective" parameterType="com.bjpowernode.crm.workbench.domain.ClueRemark" >
    <!--
      WARNING - @mbggenerated
      This element is automatically generated by MyBatis Generator, do not modify.
      This element was generated on Wed Jun 03 17:19:22 CST 2020.
    -->
    update tbl_clue_remark
    <set >
      <if test="noteContent != null" >
        note_content = #{noteContent,jdbcType=VARCHAR},
      </if>
      <if test="createBy != null" >
        create_by = #{createBy,jdbcType=VARCHAR},
      </if>
      <if test="createTime != null" >
        create_time = #{createTime,jdbcType=CHAR},
      </if>
      <if test="editBy != null" >
        edit_by = #{editBy,jdbcType=VARCHAR},
      </if>
      <if test="editTime != null" >
        edit_time = #{editTime,jdbcType=CHAR},
      </if>
      <if test="editFlag != null" >
        edit_flag = #{editFlag,jdbcType=CHAR},
      </if>
      <if test="clueId != null" >
        clue_id = #{clueId,jdbcType=CHAR},
      </if>
    </set>
    where id = #{id,jdbcType=CHAR}
  </update>
  <update id="updateByPrimaryKey" parameterType="com.bjpowernode.crm.workbench.domain.ClueRemark" >
    <!--
      WARNING - @mbggenerated
      This element is automatically generated by MyBatis Generator, do not modify.
      This element was generated on Wed Jun 03 17:19:22 CST 2020.
    -->
    update tbl_clue_remark
    set note_content = #{noteContent,jdbcType=VARCHAR},
      create_by = #{createBy,jdbcType=VARCHAR},
      create_time = #{createTime,jdbcType=CHAR},
      edit_by = #{editBy,jdbcType=VARCHAR},
      edit_time = #{editTime,jdbcType=CHAR},
      edit_flag = #{editFlag,jdbcType=CHAR},
      clue_id = #{clueId,jdbcType=CHAR}
    where id = #{id,jdbcType=CHAR}
  </update>

  <select id="selectClueRemarkForDetailByClueId" parameterType="string" resultMap="BaseResultMap">
    select cr.id,cr.note_content,u1.name as create_by,cr.create_time,u2.name as edit_by,cr.edit_time,cr.edit_flag
    from tbl_clue_remark cr
    join tbl_user u1 on cr.create_by=u1.id
    left join tbl_user u2 on cr.edit_by=u2.id
    where cr.clue_id=#{clueId}
  </select>

  <select id="selectClueRemarkByClueId" parameterType="string" resultMap="BaseResultMap">
    select
    <include refid="Base_Column_List"/>
    from tbl_clue_remark
    where clue_id =#{id}
  </select>

  <delete id="deleteClueRemarkByClueId" parameterType="string">
    delete from tbl_clue_remark where clue_id=#{clueId}
  </delete>
</mapper>