<?xml version="1.0" encoding="UTF-8" ?>
<!DOCTYPE mapper PUBLIC "-//mybatis.org//DTD Mapper 3.0//EN" "http://mybatis.org/dtd/mybatis-3-mapper.dtd" >
<mapper namespace="com.bjpowernode.crm.workbench.mapper.ClueActivityRelationMapper" >
  <resultMap id="BaseResultMap" type="com.bjpowernode.crm.workbench.domain.ClueActivityRelation" >
    <!--
      WARNING - @mbggenerated
      This element is automatically generated by MyBatis Generator, do not modify.
      This element was generated on Thu Jun 04 15:49:40 CST 2020.
    -->
    <id column="id" property="id" jdbcType="CHAR" />
    <result column="clue_id" property="clueId" jdbcType="CHAR" />
    <result column="activity_id" property="activityId" jdbcType="CHAR" />
  </resultMap>
  <sql id="Base_Column_List" >
    <!--
      WARNING - @mbggenerated
      This element is automatically generated by MyBatis Generator, do not modify.
      This element was generated on Thu Jun 04 15:49:40 CST 2020.
    -->
    id, clue_id, activity_id
  </sql>
  <select id="selectByPrimaryKey" resultMap="BaseResultMap" parameterType="java.lang.String" >
    <!--
      WARNING - @mbggenerated
      This element is automatically generated by MyBatis Generator, do not modify.
      This element was generated on Thu Jun 04 15:49:40 CST 2020.
    -->
    select 
    <include refid="Base_Column_List" />
    from tbl_clue_activity_relation
    where id = #{id,jdbcType=CHAR}
  </select>
  <delete id="deleteByPrimaryKey" parameterType="java.lang.String" >
    <!--
      WARNING - @mbggenerated
      This element is automatically generated by MyBatis Generator, do not modify.
      This element was generated on Thu Jun 04 15:49:40 CST 2020.
    -->
    delete from tbl_clue_activity_relation
    where id = #{id,jdbcType=CHAR}
  </delete>
  <insert id="insert" parameterType="com.bjpowernode.crm.workbench.domain.ClueActivityRelation" >
    <!--
      WARNING - @mbggenerated
      This element is automatically generated by MyBatis Generator, do not modify.
      This element was generated on Thu Jun 04 15:49:40 CST 2020.
    -->
    insert into tbl_clue_activity_relation (id, clue_id, activity_id
      )
    values (#{id,jdbcType=CHAR}, #{clueId,jdbcType=CHAR}, #{activityId,jdbcType=CHAR}
      )
  </insert>
  <insert id="insertSelective" parameterType="com.bjpowernode.crm.workbench.domain.ClueActivityRelation" >
    <!--
      WARNING - @mbggenerated
      This element is automatically generated by MyBatis Generator, do not modify.
      This element was generated on Thu Jun 04 15:49:40 CST 2020.
    -->
    insert into tbl_clue_activity_relation
    <trim prefix="(" suffix=")" suffixOverrides="," >
      <if test="id != null" >
        id,
      </if>
      <if test="clueId != null" >
        clue_id,
      </if>
      <if test="activityId != null" >
        activity_id,
      </if>
    </trim>
    <trim prefix="values (" suffix=")" suffixOverrides="," >
      <if test="id != null" >
        #{id,jdbcType=CHAR},
      </if>
      <if test="clueId != null" >
        #{clueId,jdbcType=CHAR},
      </if>
      <if test="activityId != null" >
        #{activityId,jdbcType=CHAR},
      </if>
    </trim>
  </insert>
  <update id="updateByPrimaryKeySelective" parameterType="com.bjpowernode.crm.workbench.domain.ClueActivityRelation" >
    <!--
      WARNING - @mbggenerated
      This element is automatically generated by MyBatis Generator, do not modify.
      This element was generated on Thu Jun 04 15:49:40 CST 2020.
    -->
    update tbl_clue_activity_relation
    <set >
      <if test="clueId != null" >
        clue_id = #{clueId,jdbcType=CHAR},
      </if>
      <if test="activityId != null" >
        activity_id = #{activityId,jdbcType=CHAR},
      </if>
    </set>
    where id = #{id,jdbcType=CHAR}
  </update>
  <update id="updateByPrimaryKey" parameterType="com.bjpowernode.crm.workbench.domain.ClueActivityRelation" >
    <!--
      WARNING - @mbggenerated
      This element is automatically generated by MyBatis Generator, do not modify.
      This element was generated on Thu Jun 04 15:49:40 CST 2020.
    -->
    update tbl_clue_activity_relation
    set clue_id = #{clueId,jdbcType=CHAR},
      activity_id = #{activityId,jdbcType=CHAR}
    where id = #{id,jdbcType=CHAR}
  </update>

  <insert id="insertClueActivityRelationByList" parameterType="com.bjpowernode.crm.workbench.domain.ClueActivityRelation">
     insert into tbl_clue_activity_relation(id,clue_id,activity_id) values
     <foreach collection="list" item="obj" separator=",">
       (#{obj.id},#{obj.clueId},#{obj.activityId})
     </foreach>
  </insert>

  <delete id="deleteClueActivityRelationByClueIdActivityId" parameterType="com.bjpowernode.crm.workbench.domain.ClueActivityRelation">
    delete from tbl_clue_activity_relation where clue_id=#{clueId} and activity_id=#{activityId}
  </delete>

  <select id="selectClueActivityRelationByClueId" parameterType="string" resultMap="BaseResultMap">
    select
    <include refid="Base_Column_List"/>
    from tbl_clue_activity_relation
    where clue_id=#{clueId}
  </select>

  <delete id="deleteClueActivityRelationByClueId" parameterType="string">
    delete from tbl_clue_activity_relation where clue_id=#{clueId}
  </delete>

</mapper>