<?xml version="1.0" encoding="UTF-8"?>
<!DOCTYPE mapper PUBLIC "-//mybatis.org//DTD Mapper 3.0//EN" "http://mybatis.org/dtd/mybatis-3-mapper.dtd">
<mapper namespace="com.bjpowernode.crm.workbench.mapper.ContactsMapper">
  <resultMap id="BaseResultMap" type="com.bjpowernode.crm.workbench.domain.Contacts">
    <!--
      WARNING - @mbggenerated
      This element is automatically generated by MyBatis Generator, do not modify.
      This element was generated on Sat Jun 06 15:44:47 CST 2020.
    -->
    <id column="id" jdbcType="CHAR" property="id" />
    <result column="owner" jdbcType="CHAR" property="owner" />
    <result column="source" jdbcType="VARCHAR" property="source" />
    <result column="customer_id" jdbcType="CHAR" property="customerId" />
    <result column="full_name" jdbcType="VARCHAR" property="fullName" />
    <result column="appellation" jdbcType="VARCHAR" property="appellation" />
    <result column="email" jdbcType="VARCHAR" property="email" />
    <result column="mphone" jdbcType="VARCHAR" property="mphone" />
    <result column="job" jdbcType="VARCHAR" property="job" />
    <result column="birth" jdbcType="CHAR" property="birth" />
    <result column="create_by" jdbcType="VARCHAR" property="createBy" />
    <result column="create_time" jdbcType="CHAR" property="createTime" />
    <result column="edit_by" jdbcType="VARCHAR" property="editBy" />
    <result column="edit_time" jdbcType="CHAR" property="editTime" />
    <result column="description" jdbcType="VARCHAR" property="description" />
    <result column="contact_summary" jdbcType="VARCHAR" property="contactSummary" />
    <result column="next_contact_time" jdbcType="CHAR" property="nextContactTime" />
    <result column="address" jdbcType="VARCHAR" property="address" />
  </resultMap>
  <sql id="Base_Column_List">
    <!--
      WARNING - @mbggenerated
      This element is automatically generated by MyBatis Generator, do not modify.
      This element was generated on Sat Jun 06 15:44:47 CST 2020.
    -->
    id, owner, source, customer_id, full_name, appellation, email, mphone, job, birth, 
    create_by, create_time, edit_by, edit_time, description, contact_summary, next_contact_time, 
    address
  </sql>
  <select id="selectByPrimaryKey" parameterType="java.lang.String" resultMap="BaseResultMap">
    <!--
      WARNING - @mbggenerated
      This element is automatically generated by MyBatis Generator, do not modify.
      This element was generated on Sat Jun 06 15:44:47 CST 2020.
    -->
    select 
    <include refid="Base_Column_List" />
    from tbl_contacts
    where id = #{id,jdbcType=CHAR}
  </select>
  <delete id="deleteByPrimaryKey" parameterType="java.lang.String">
    <!--
      WARNING - @mbggenerated
      This element is automatically generated by MyBatis Generator, do not modify.
      This element was generated on Sat Jun 06 15:44:47 CST 2020.
    -->
    delete from tbl_contacts
    where id = #{id,jdbcType=CHAR}
  </delete>
  <insert id="insert" parameterType="com.bjpowernode.crm.workbench.domain.Contacts">
    <!--
      WARNING - @mbggenerated
      This element is automatically generated by MyBatis Generator, do not modify.
      This element was generated on Sat Jun 06 15:44:47 CST 2020.
    -->
    insert into tbl_contacts (id, owner, source, 
      customer_id, full_name, appellation, 
      email, mphone, job, 
      birth, create_by, create_time, 
      edit_by, edit_time, description, 
      contact_summary, next_contact_time, address
      )
    values (#{id,jdbcType=CHAR}, #{owner,jdbcType=CHAR}, #{source,jdbcType=VARCHAR}, 
      #{customerId,jdbcType=CHAR}, #{fullName,jdbcType=VARCHAR}, #{appellation,jdbcType=VARCHAR}, 
      #{email,jdbcType=VARCHAR}, #{mphone,jdbcType=VARCHAR}, #{job,jdbcType=VARCHAR}, 
      #{birth,jdbcType=CHAR}, #{createBy,jdbcType=VARCHAR}, #{createTime,jdbcType=CHAR}, 
      #{editBy,jdbcType=VARCHAR}, #{editTime,jdbcType=CHAR}, #{description,jdbcType=VARCHAR}, 
      #{contactSummary,jdbcType=VARCHAR}, #{nextContactTime,jdbcType=CHAR}, #{address,jdbcType=VARCHAR}
      )
  </insert>
  <insert id="insertSelective" parameterType="com.bjpowernode.crm.workbench.domain.Contacts">
    <!--
      WARNING - @mbggenerated
      This element is automatically generated by MyBatis Generator, do not modify.
      This element was generated on Sat Jun 06 15:44:47 CST 2020.
    -->
    insert into tbl_contacts
    <trim prefix="(" suffix=")" suffixOverrides=",">
      <if test="id != null">
        id,
      </if>
      <if test="owner != null">
        owner,
      </if>
      <if test="source != null">
        source,
      </if>
      <if test="customerId != null">
        customer_id,
      </if>
      <if test="fullName != null">
        full_name,
      </if>
      <if test="appellation != null">
        appellation,
      </if>
      <if test="email != null">
        email,
      </if>
      <if test="mphone != null">
        mphone,
      </if>
      <if test="job != null">
        job,
      </if>
      <if test="birth != null">
        birth,
      </if>
      <if test="createBy != null">
        create_by,
      </if>
      <if test="createTime != null">
        create_time,
      </if>
      <if test="editBy != null">
        edit_by,
      </if>
      <if test="editTime != null">
        edit_time,
      </if>
      <if test="description != null">
        description,
      </if>
      <if test="contactSummary != null">
        contact_summary,
      </if>
      <if test="nextContactTime != null">
        next_contact_time,
      </if>
      <if test="address != null">
        address,
      </if>
    </trim>
    <trim prefix="values (" suffix=")" suffixOverrides=",">
      <if test="id != null">
        #{id,jdbcType=CHAR},
      </if>
      <if test="owner != null">
        #{owner,jdbcType=CHAR},
      </if>
      <if test="source != null">
        #{source,jdbcType=VARCHAR},
      </if>
      <if test="customerId != null">
        #{customerId,jdbcType=CHAR},
      </if>
      <if test="fullName != null">
        #{fullName,jdbcType=VARCHAR},
      </if>
      <if test="appellation != null">
        #{appellation,jdbcType=VARCHAR},
      </if>
      <if test="email != null">
        #{email,jdbcType=VARCHAR},
      </if>
      <if test="mphone != null">
        #{mphone,jdbcType=VARCHAR},
      </if>
      <if test="job != null">
        #{job,jdbcType=VARCHAR},
      </if>
      <if test="birth != null">
        #{birth,jdbcType=CHAR},
      </if>
      <if test="createBy != null">
        #{createBy,jdbcType=VARCHAR},
      </if>
      <if test="createTime != null">
        #{createTime,jdbcType=CHAR},
      </if>
      <if test="editBy != null">
        #{editBy,jdbcType=VARCHAR},
      </if>
      <if test="editTime != null">
        #{editTime,jdbcType=CHAR},
      </if>
      <if test="description != null">
        #{description,jdbcType=VARCHAR},
      </if>
      <if test="contactSummary != null">
        #{contactSummary,jdbcType=VARCHAR},
      </if>
      <if test="nextContactTime != null">
        #{nextContactTime,jdbcType=CHAR},
      </if>
      <if test="address != null">
        #{address,jdbcType=VARCHAR},
      </if>
    </trim>
  </insert>
  <update id="updateByPrimaryKeySelective" parameterType="com.bjpowernode.crm.workbench.domain.Contacts">
    <!--
      WARNING - @mbggenerated
      This element is automatically generated by MyBatis Generator, do not modify.
      This element was generated on Sat Jun 06 15:44:47 CST 2020.
    -->
    update tbl_contacts
    <set>
      <if test="owner != null">
        owner = #{owner,jdbcType=CHAR},
      </if>
      <if test="source != null">
        source = #{source,jdbcType=VARCHAR},
      </if>
      <if test="customerId != null">
        customer_id = #{customerId,jdbcType=CHAR},
      </if>
      <if test="fullName != null">
        full_name = #{fullName,jdbcType=VARCHAR},
      </if>
      <if test="appellation != null">
        appellation = #{appellation,jdbcType=VARCHAR},
      </if>
      <if test="email != null">
        email = #{email,jdbcType=VARCHAR},
      </if>
      <if test="mphone != null">
        mphone = #{mphone,jdbcType=VARCHAR},
      </if>
      <if test="job != null">
        job = #{job,jdbcType=VARCHAR},
      </if>
      <if test="birth != null">
        birth = #{birth,jdbcType=CHAR},
      </if>
      <if test="createBy != null">
        create_by = #{createBy,jdbcType=VARCHAR},
      </if>
      <if test="createTime != null">
        create_time = #{createTime,jdbcType=CHAR},
      </if>
      <if test="editBy != null">
        edit_by = #{editBy,jdbcType=VARCHAR},
      </if>
      <if test="editTime != null">
        edit_time = #{editTime,jdbcType=CHAR},
      </if>
      <if test="description != null">
        description = #{description,jdbcType=VARCHAR},
      </if>
      <if test="contactSummary != null">
        contact_summary = #{contactSummary,jdbcType=VARCHAR},
      </if>
      <if test="nextContactTime != null">
        next_contact_time = #{nextContactTime,jdbcType=CHAR},
      </if>
      <if test="address != null">
        address = #{address,jdbcType=VARCHAR},
      </if>
    </set>
    where id = #{id,jdbcType=CHAR}
  </update>
  <update id="updateByPrimaryKey" parameterType="com.bjpowernode.crm.workbench.domain.Contacts">
    <!--
      WARNING - @mbggenerated
      This element is automatically generated by MyBatis Generator, do not modify.
      This element was generated on Sat Jun 06 15:44:47 CST 2020.
    -->
    update tbl_contacts
    set owner = #{owner,jdbcType=CHAR},
      source = #{source,jdbcType=VARCHAR},
      customer_id = #{customerId,jdbcType=CHAR},
      full_name = #{fullName,jdbcType=VARCHAR},
      appellation = #{appellation,jdbcType=VARCHAR},
      email = #{email,jdbcType=VARCHAR},
      mphone = #{mphone,jdbcType=VARCHAR},
      job = #{job,jdbcType=VARCHAR},
      birth = #{birth,jdbcType=CHAR},
      create_by = #{createBy,jdbcType=VARCHAR},
      create_time = #{createTime,jdbcType=CHAR},
      edit_by = #{editBy,jdbcType=VARCHAR},
      edit_time = #{editTime,jdbcType=CHAR},
      description = #{description,jdbcType=VARCHAR},
      contact_summary = #{contactSummary,jdbcType=VARCHAR},
      next_contact_time = #{nextContactTime,jdbcType=CHAR},
      address = #{address,jdbcType=VARCHAR}
    where id = #{id,jdbcType=CHAR}
  </update>

  <insert id="insertContacts" parameterType="com.bjpowernode.crm.workbench.domain.Contacts">
    insert into tbl_contacts(id, owner, source, customer_id, full_name, appellation, email, mphone, job, birth,
    create_by, create_time, description, contact_summary, next_contact_time,
    address)
    values (#{id},#{ owner},#{ source},#{ customerId},#{ fullName},#{ appellation},#{ email},#{ mphone},#{ job},#{ birth},#{createBy},#{ createTime},#{ description},#{ contactSummary},#{ nextContactTime},#{address})
  </insert>
</mapper>