<?xml version="1.0" encoding="UTF-8" ?>
<!DOCTYPE mapper PUBLIC "-//mybatis.org//DTD Mapper 3.0//EN" "http://mybatis.org/dtd/mybatis-3-mapper.dtd" >
<mapper namespace="com.bjpowernode.crm.workbench.mapper.ContactsRemarkMapper" >
  <resultMap id="BaseResultMap" type="com.bjpowernode.crm.workbench.domain.ContactsRemark" >
    <!--
      WARNING - @mbggenerated
      This element is automatically generated by MyBatis Generator, do not modify.
      This element was generated on Sat Jun 06 16:30:27 CST 2020.
    -->
    <id column="id" property="id" jdbcType="CHAR" />
    <result column="note_content" property="noteContent" jdbcType="VARCHAR" />
    <result column="create_by" property="createBy" jdbcType="VARCHAR" />
    <result column="create_time" property="createTime" jdbcType="CHAR" />
    <result column="edit_by" property="editBy" jdbcType="VARCHAR" />
    <result column="edit_time" property="editTime" jdbcType="CHAR" />
    <result column="edit_flag" property="editFlag" jdbcType="CHAR" />
    <result column="contacts_id" property="contactsId" jdbcType="CHAR" />
  </resultMap>
  <sql id="Base_Column_List" >
    <!--
      WARNING - @mbggenerated
      This element is automatically generated by MyBatis Generator, do not modify.
      This element was generated on Sat Jun 06 16:30:27 CST 2020.
    -->
    id, note_content, create_by, create_time, edit_by, edit_time, edit_flag, contacts_id
  </sql>
  <select id="selectByPrimaryKey" resultMap="BaseResultMap" parameterType="java.lang.String" >
    <!--
      WARNING - @mbggenerated
      This element is automatically generated by MyBatis Generator, do not modify.
      This element was generated on Sat Jun 06 16:30:27 CST 2020.
    -->
    select 
    <include refid="Base_Column_List" />
    from tbl_contacts_remark
    where id = #{id,jdbcType=CHAR}
  </select>
  <delete id="deleteByPrimaryKey" parameterType="java.lang.String" >
    <!--
      WARNING - @mbggenerated
      This element is automatically generated by MyBatis Generator, do not modify.
      This element was generated on Sat Jun 06 16:30:27 CST 2020.
    -->
    delete from tbl_contacts_remark
    where id = #{id,jdbcType=CHAR}
  </delete>
  <insert id="insert" parameterType="com.bjpowernode.crm.workbench.domain.ContactsRemark" >
    <!--
      WARNING - @mbggenerated
      This element is automatically generated by MyBatis Generator, do not modify.
      This element was generated on Sat Jun 06 16:30:27 CST 2020.
    -->
    insert into tbl_contacts_remark (id, note_content, create_by, 
      create_time, edit_by, edit_time, 
      edit_flag, contacts_id)
    values (#{id,jdbcType=CHAR}, #{noteContent,jdbcType=VARCHAR}, #{createBy,jdbcType=VARCHAR}, 
      #{createTime,jdbcType=CHAR}, #{editBy,jdbcType=VARCHAR}, #{editTime,jdbcType=CHAR}, 
      #{editFlag,jdbcType=CHAR}, #{contactsId,jdbcType=CHAR})
  </insert>
  <insert id="insertSelective" parameterType="com.bjpowernode.crm.workbench.domain.ContactsRemark" >
    <!--
      WARNING - @mbggenerated
      This element is automatically generated by MyBatis Generator, do not modify.
      This element was generated on Sat Jun 06 16:30:27 CST 2020.
    -->
    insert into tbl_contacts_remark
    <trim prefix="(" suffix=")" suffixOverrides="," >
      <if test="id != null" >
        id,
      </if>
      <if test="noteContent != null" >
        note_content,
      </if>
      <if test="createBy != null" >
        create_by,
      </if>
      <if test="createTime != null" >
        create_time,
      </if>
      <if test="editBy != null" >
        edit_by,
      </if>
      <if test="editTime != null" >
        edit_time,
      </if>
      <if test="editFlag != null" >
        edit_flag,
      </if>
      <if test="contactsId != null" >
        contacts_id,
      </if>
    </trim>
    <trim prefix="values (" suffix=")" suffixOverrides="," >
      <if test="id != null" >
        #{id,jdbcType=CHAR},
      </if>
      <if test="noteContent != null" >
        #{noteContent,jdbcType=VARCHAR},
      </if>
      <if test="createBy != null" >
        #{createBy,jdbcType=VARCHAR},
      </if>
      <if test="createTime != null" >
        #{createTime,jdbcType=CHAR},
      </if>
      <if test="editBy != null" >
        #{editBy,jdbcType=VARCHAR},
      </if>
      <if test="editTime != null" >
        #{editTime,jdbcType=CHAR},
      </if>
      <if test="editFlag != null" >
        #{editFlag,jdbcType=CHAR},
      </if>
      <if test="contactsId != null" >
        #{contactsId,jdbcType=CHAR},
      </if>
    </trim>
  </insert>
  <update id="updateByPrimaryKeySelective" parameterType="com.bjpowernode.crm.workbench.domain.ContactsRemark" >
    <!--
      WARNING - @mbggenerated
      This element is automatically generated by MyBatis Generator, do not modify.
      This element was generated on Sat Jun 06 16:30:27 CST 2020.
    -->
    update tbl_contacts_remark
    <set >
      <if test="noteContent != null" >
        note_content = #{noteContent,jdbcType=VARCHAR},
      </if>
      <if test="createBy != null" >
        create_by = #{createBy,jdbcType=VARCHAR},
      </if>
      <if test="createTime != null" >
        create_time = #{createTime,jdbcType=CHAR},
      </if>
      <if test="editBy != null" >
        edit_by = #{editBy,jdbcType=VARCHAR},
      </if>
      <if test="editTime != null" >
        edit_time = #{editTime,jdbcType=CHAR},
      </if>
      <if test="editFlag != null" >
        edit_flag = #{editFlag,jdbcType=CHAR},
      </if>
      <if test="contactsId != null" >
        contacts_id = #{contactsId,jdbcType=CHAR},
      </if>
    </set>
    where id = #{id,jdbcType=CHAR}
  </update>
  <update id="updateByPrimaryKey" parameterType="com.bjpowernode.crm.workbench.domain.ContactsRemark" >
    <!--
      WARNING - @mbggenerated
      This element is automatically generated by MyBatis Generator, do not modify.
      This element was generated on Sat Jun 06 16:30:27 CST 2020.
    -->
    update tbl_contacts_remark
    set note_content = #{noteContent,jdbcType=VARCHAR},
      create_by = #{createBy,jdbcType=VARCHAR},
      create_time = #{createTime,jdbcType=CHAR},
      edit_by = #{editBy,jdbcType=VARCHAR},
      edit_time = #{editTime,jdbcType=CHAR},
      edit_flag = #{editFlag,jdbcType=CHAR},
      contacts_id = #{contactsId,jdbcType=CHAR}
    where id = #{id,jdbcType=CHAR}
  </update>

  <insert id="insertContactsRemarkByList" parameterType="com.bjpowernode.crm.workbench.domain.ContactsRemark">
      insert into tbl_contacts_remark(id, note_content, create_by, create_time, edit_by, edit_time, edit_flag, contacts_id)
      values
      <foreach collection="list" item="obj" separator=",">
        (#{obj.id},#{obj.noteContent},#{obj.createBy},#{obj.createTime},#{obj.editBy},#{obj.editTime},#{obj.editFlag},#{obj.contactsId})
      </foreach>
  </insert>
</mapper>