<?xml version="1.0" encoding="UTF-8" ?>
<!DOCTYPE mapper PUBLIC "-//mybatis.org//DTD Mapper 3.0//EN" "http://mybatis.org/dtd/mybatis-3-mapper.dtd" >
<mapper namespace="com.bjpowernode.crm.settings.mapper.DicTypeMapper" >
  <resultMap id="BaseResultMap" type="com.bjpowernode.crm.settings.domain.DicType" >
    <!--
      WARNING - @mbggenerated
      This element is automatically generated by MyBatis Generator, do not modify.
      This element was generated on Mon May 18 16:01:30 CST 2020.
    -->
    <id column="code" property="code" jdbcType="VARCHAR" />
    <result column="name" property="name" jdbcType="VARCHAR" />
    <result column="description" property="description" jdbcType="VARCHAR" />
  </resultMap>
  <sql id="Base_Column_List" >
    <!--
      WARNING - @mbggenerated
      This element is automatically generated by MyBatis Generator, do not modify.
      This element was generated on Mon May 18 16:01:30 CST 2020.
    -->
    code, name, description
  </sql>
  <select id="selectByPrimaryKey" resultMap="BaseResultMap" parameterType="java.lang.String" >
    <!--
      WARNING - @mbggenerated
      This element is automatically generated by MyBatis Generator, do not modify.
      This element was generated on Mon May 18 16:01:30 CST 2020.
    -->
    select 
    <include refid="Base_Column_List" />
    from tbl_dic_type
    where code = #{code,jdbcType=VARCHAR}
  </select>
  <delete id="deleteByPrimaryKey" parameterType="java.lang.String" >
    <!--
      WARNING - @mbggenerated
      This element is automatically generated by MyBatis Generator, do not modify.
      This element was generated on Mon May 18 16:01:30 CST 2020.
    -->
    delete from tbl_dic_type
    where code = #{code,jdbcType=VARCHAR}
  </delete>
  <insert id="insert" parameterType="com.bjpowernode.crm.settings.domain.DicType" >
    <!--
      WARNING - @mbggenerated
      This element is automatically generated by MyBatis Generator, do not modify.
      This element was generated on Mon May 18 16:01:30 CST 2020.
    -->
    insert into tbl_dic_type (code, name, description
      )
    values (#{code,jdbcType=VARCHAR}, #{name,jdbcType=VARCHAR}, #{description,jdbcType=VARCHAR}
      )
  </insert>
  <insert id="insertSelective" parameterType="com.bjpowernode.crm.settings.domain.DicType" >
    <!--
      WARNING - @mbggenerated
      This element is automatically generated by MyBatis Generator, do not modify.
      This element was generated on Mon May 18 16:01:30 CST 2020.
    -->
    insert into tbl_dic_type
    <trim prefix="(" suffix=")" suffixOverrides="," >
      <if test="code != null" >
        code,
      </if>
      <if test="name != null" >
        name,
      </if>
      <if test="description != null" >
        description,
      </if>
    </trim>
    <trim prefix="values (" suffix=")" suffixOverrides="," >
      <if test="code != null" >
        #{code,jdbcType=VARCHAR},
      </if>
      <if test="name != null" >
        #{name,jdbcType=VARCHAR},
      </if>
      <if test="description != null" >
        #{description,jdbcType=VARCHAR},
      </if>
    </trim>
  </insert>
  <update id="updateByPrimaryKeySelective" parameterType="com.bjpowernode.crm.settings.domain.DicType" >
    <!--
      WARNING - @mbggenerated
      This element is automatically generated by MyBatis Generator, do not modify.
      This element was generated on Mon May 18 16:01:30 CST 2020.
    -->
    update tbl_dic_type
    <set >
      <if test="name != null" >
        name = #{name,jdbcType=VARCHAR},
      </if>
      <if test="description != null" >
        description = #{description,jdbcType=VARCHAR},
      </if>
    </set>
    where code = #{code,jdbcType=VARCHAR}
  </update>
  <update id="updateByPrimaryKey" parameterType="com.bjpowernode.crm.settings.domain.DicType" >
    <!--
      WARNING - @mbggenerated
      This element is automatically generated by MyBatis Generator, do not modify.
      This element was generated on Mon May 18 16:01:30 CST 2020.
    -->
    update tbl_dic_type
    set name = #{name,jdbcType=VARCHAR},
      description = #{description,jdbcType=VARCHAR}
    where code = #{code,jdbcType=VARCHAR}
  </update>


  <select id="selectAllDicTypes" resultMap="BaseResultMap">
    select
    <include refid="Base_Column_List"/>
    from tbl_dic_type
  </select>

  <insert id="insertDicType" parameterType="com.bjpowernode.crm.settings.domain.DicType">
    insert into tbl_dic_type(code,name,description) values(#{code},#{name},#{description})
  </insert>

  <select id="selectDicTypeByCode" parameterType="string" resultMap="BaseResultMap">
    select
    <include refid="Base_Column_List"/>
    from tbl_dic_type
    where code=#{code}
  </select>

  <update id="updateDicType" parameterType="com.bjpowernode.crm.settings.domain.DicType">
    update tbl_dic_type
    set name=#{name},description=#{description}
    where code=#{code}
  </update>

  <delete id="deleteDicTypeByCodes" parameterType="string">
    delete from tbl_dic_type
    where code in
    <foreach collection="array" item="code" open="(" close=")" separator=",">
        #{code}
    </foreach>
  </delete>






</mapper>