<?xml version="1.0" encoding="UTF-8"?>
<!DOCTYPE mapper PUBLIC "-//mybatis.org//DTD Mapper 3.0//EN" "http://mybatis.org/dtd/mybatis-3-mapper.dtd">
<mapper namespace="com.bjpowernode.crm.settings.mapper.UserMapper">
  <resultMap id="BaseResultMap" type="com.bjpowernode.crm.settings.domain.User">
    <!--
      WARNING - @mbggenerated
      This element is automatically generated by MyBatis Generator, do not modify.
      This element was generated on Fri May 15 15:52:22 CST 2020.
    -->
    <id column="id" jdbcType="CHAR" property="id" />
    <result column="login_act" jdbcType="VARCHAR" property="loginAct" />
    <result column="name" jdbcType="VARCHAR" property="name" />
    <result column="login_pwd" jdbcType="VARCHAR" property="loginPwd" />
    <result column="email" jdbcType="VARCHAR" property="email" />
    <result column="expire_time" jdbcType="CHAR" property="expireTime" />
    <result column="lock_state" jdbcType="CHAR" property="lockState" />
    <result column="dept_no" jdbcType="CHAR" property="deptNo" />
    <result column="allow_ips" jdbcType="VARCHAR" property="allowIps" />
    <result column="create_time" jdbcType="CHAR" property="createTime" />
    <result column="create_by" jdbcType="VARCHAR" property="createBy" />
    <result column="edit_time" jdbcType="CHAR" property="editTime" />
    <result column="edit_by" jdbcType="VARCHAR" property="editBy" />
  </resultMap>
  <sql id="Base_Column_List">
    <!--
      WARNING - @mbggenerated
      This element is automatically generated by MyBatis Generator, do not modify.
      This element was generated on Fri May 15 15:52:22 CST 2020.
    -->
    id, login_act, name, login_pwd, email, expire_time, lock_state, dept_no, allow_ips, 
    create_time, create_by, edit_time, edit_by
  </sql>
  <select id="selectByPrimaryKey" parameterType="java.lang.String" resultMap="BaseResultMap">
    <!--
      WARNING - @mbggenerated
      This element is automatically generated by MyBatis Generator, do not modify.
      This element was generated on Fri May 15 15:52:22 CST 2020.
    -->
    select 
    <include refid="Base_Column_List" />
    from tbl_user
    where id = #{id,jdbcType=CHAR}
  </select>
  <delete id="deleteByPrimaryKey" parameterType="java.lang.String">
    <!--
      WARNING - @mbggenerated
      This element is automatically generated by MyBatis Generator, do not modify.
      This element was generated on Fri May 15 15:52:22 CST 2020.
    -->
    delete from tbl_user
    where id = #{id,jdbcType=CHAR}
  </delete>
  <insert id="insert" parameterType="com.bjpowernode.crm.settings.domain.User">
    <!--
      WARNING - @mbggenerated
      This element is automatically generated by MyBatis Generator, do not modify.
      This element was generated on Fri May 15 15:52:22 CST 2020.
    -->
    insert into tbl_user (id, login_act, name, 
      login_pwd, email, expire_time, 
      lock_state, dept_no, allow_ips, 
      create_time, create_by, edit_time, 
      edit_by)
    values (#{id,jdbcType=CHAR}, #{loginAct,jdbcType=VARCHAR}, #{name,jdbcType=VARCHAR}, 
      #{loginPwd,jdbcType=VARCHAR}, #{email,jdbcType=VARCHAR}, #{expireTime,jdbcType=CHAR}, 
      #{lockState,jdbcType=CHAR}, #{deptNo,jdbcType=CHAR}, #{allowIps,jdbcType=VARCHAR}, 
      #{createTime,jdbcType=CHAR}, #{createBy,jdbcType=VARCHAR}, #{editTime,jdbcType=CHAR}, 
      #{editBy,jdbcType=VARCHAR})
  </insert>
  <insert id="insertSelective" parameterType="com.bjpowernode.crm.settings.domain.User">
    <!--
      WARNING - @mbggenerated
      This element is automatically generated by MyBatis Generator, do not modify.
      This element was generated on Fri May 15 15:52:22 CST 2020.
    -->
    insert into tbl_user
    <trim prefix="(" suffix=")" suffixOverrides=",">
      <if test="id != null">
        id,
      </if>
      <if test="loginAct != null">
        login_act,
      </if>
      <if test="name != null">
        name,
      </if>
      <if test="loginPwd != null">
        login_pwd,
      </if>
      <if test="email != null">
        email,
      </if>
      <if test="expireTime != null">
        expire_time,
      </if>
      <if test="lockState != null">
        lock_state,
      </if>
      <if test="deptNo != null">
        dept_no,
      </if>
      <if test="allowIps != null">
        allow_ips,
      </if>
      <if test="createTime != null">
        create_time,
      </if>
      <if test="createBy != null">
        create_by,
      </if>
      <if test="editTime != null">
        edit_time,
      </if>
      <if test="editBy != null">
        edit_by,
      </if>
    </trim>
    <trim prefix="values (" suffix=")" suffixOverrides=",">
      <if test="id != null">
        #{id,jdbcType=CHAR},
      </if>
      <if test="loginAct != null">
        #{loginAct,jdbcType=VARCHAR},
      </if>
      <if test="name != null">
        #{name,jdbcType=VARCHAR},
      </if>
      <if test="loginPwd != null">
        #{loginPwd,jdbcType=VARCHAR},
      </if>
      <if test="email != null">
        #{email,jdbcType=VARCHAR},
      </if>
      <if test="expireTime != null">
        #{expireTime,jdbcType=CHAR},
      </if>
      <if test="lockState != null">
        #{lockState,jdbcType=CHAR},
      </if>
      <if test="deptNo != null">
        #{deptNo,jdbcType=CHAR},
      </if>
      <if test="allowIps != null">
        #{allowIps,jdbcType=VARCHAR},
      </if>
      <if test="createTime != null">
        #{createTime,jdbcType=CHAR},
      </if>
      <if test="createBy != null">
        #{createBy,jdbcType=VARCHAR},
      </if>
      <if test="editTime != null">
        #{editTime,jdbcType=CHAR},
      </if>
      <if test="editBy != null">
        #{editBy,jdbcType=VARCHAR},
      </if>
    </trim>
  </insert>
  <update id="updateByPrimaryKeySelective" parameterType="com.bjpowernode.crm.settings.domain.User">
    <!--
      WARNING - @mbggenerated
      This element is automatically generated by MyBatis Generator, do not modify.
      This element was generated on Fri May 15 15:52:22 CST 2020.
    -->
    update tbl_user
    <set>
      <if test="loginAct != null">
        login_act = #{loginAct,jdbcType=VARCHAR},
      </if>
      <if test="name != null">
        name = #{name,jdbcType=VARCHAR},
      </if>
      <if test="loginPwd != null">
        login_pwd = #{loginPwd,jdbcType=VARCHAR},
      </if>
      <if test="email != null">
        email = #{email,jdbcType=VARCHAR},
      </if>
      <if test="expireTime != null">
        expire_time = #{expireTime,jdbcType=CHAR},
      </if>
      <if test="lockState != null">
        lock_state = #{lockState,jdbcType=CHAR},
      </if>
      <if test="deptNo != null">
        dept_no = #{deptNo,jdbcType=CHAR},
      </if>
      <if test="allowIps != null">
        allow_ips = #{allowIps,jdbcType=VARCHAR},
      </if>
      <if test="createTime != null">
        create_time = #{createTime,jdbcType=CHAR},
      </if>
      <if test="createBy != null">
        create_by = #{createBy,jdbcType=VARCHAR},
      </if>
      <if test="editTime != null">
        edit_time = #{editTime,jdbcType=CHAR},
      </if>
      <if test="editBy != null">
        edit_by = #{editBy,jdbcType=VARCHAR},
      </if>
    </set>
    where id = #{id,jdbcType=CHAR}
  </update>
  <update id="updateByPrimaryKey" parameterType="com.bjpowernode.crm.settings.domain.User">
    <!--
      WARNING - @mbggenerated
      This element is automatically generated by MyBatis Generator, do not modify.
      This element was generated on Fri May 15 15:52:22 CST 2020.
    -->
    update tbl_user
    set login_act = #{loginAct,jdbcType=VARCHAR},
      name = #{name,jdbcType=VARCHAR},
      login_pwd = #{loginPwd,jdbcType=VARCHAR},
      email = #{email,jdbcType=VARCHAR},
      expire_time = #{expireTime,jdbcType=CHAR},
      lock_state = #{lockState,jdbcType=CHAR},
      dept_no = #{deptNo,jdbcType=CHAR},
      allow_ips = #{allowIps,jdbcType=VARCHAR},
      create_time = #{createTime,jdbcType=CHAR},
      create_by = #{createBy,jdbcType=VARCHAR},
      edit_time = #{editTime,jdbcType=CHAR},
      edit_by = #{editBy,jdbcType=VARCHAR}
    where id = #{id,jdbcType=CHAR}
  </update>

  <select id="selectUserByLoginActAndPwd" parameterType="map" resultMap="BaseResultMap">
    select
    <include refid="Base_Column_List"/>
    from tbl_user
    where login_act=#{loginAct} and login_pwd=#{loginPwd}
  </select>

  <select id="selectAllUser" resultMap="BaseResultMap">
    select
    <include refid="Base_Column_List"/>
    from tbl_user
    where lock_state='1'
  </select>


</mapper>